date,hosp_census_with_covid_Optimistic,hosp_census_with_covid_Central,hosp_census_with_covid_Pessimistic,hosp_census_for_covid_Optimistic,hosp_census_for_covid_Central,hosp_census_for_covid_Pessimistic
2021-12-07,0,15.8916219687876,31.9984124343175,0,9.53497318127257,19.1990474605905
2021-12-08,0.660603827684916,16.9562334948484,32.6963367320872,0.39636229661095,10.173740096909,19.6178020392523
2021-12-09,1.45572266243267,17.6402626586599,33.630019559078,0.873433597459599,10.5841575951959,20.1780117354468
2021-12-10,2.13651023900989,17.8237452742904,34.3508823861992,1.28190614340594,10.6942471645742,20.6105294317195
2021-12-11,2.66743780911385,18.6767698735794,34.2195907914389,1.60046268546831,11.2060619241477,20.5317544748634
2021-12-12,3.23323669566158,18.9458117289503,35.0511938211342,1.93994201739695,11.3674870373702,21.0307162926805
2021-12-13,3.3151738331186,20.0449731648422,35.5068960932431,1.98910429987116,12.0269838989053,21.3041376559459
2021-12-14,4.19145655167353,20.1425751799379,36.4617590687773,2.51487393100412,12.0855451079627,21.8770554412664
2021-12-15,4.62906184023994,20.8568196655353,37.0377438213411,2.77743710414396,12.5140917993212,22.2226462928046
2021-12-16,5.35513684917034,21.6592222179276,37.9158418165563,3.21308210950221,12.9955333307566,22.7495050899338
2021-12-17,6.07958573328703,22.0713037206215,38.3051231982711,3.64775143997222,13.2427822323729,22.9830739189626
2021-12-18,7.16249325905675,23.0732955345814,39.2532616134286,4.29749595543405,13.8439773207488,23.5519569680571
2021-12-19,8.27827364585318,23.8617279547929,39.7642240751875,4.96696418751191,14.3170367728757,23.8585344451125
2021-12-20,8.99252606536721,24.7654110790032,41.229266017395,5.39551563922033,14.8592466474019,24.737559610437
2021-12-21,10.0248934552745,25.6609205111044,41.5842178997771,6.01493607316471,15.3965523066626,24.9505307398663
2021-12-22,10.9411370326668,26.8565895860066,42.7214235067403,6.56468221960007,16.113953751604,25.6328541040442
2021-12-23,12.2605164235455,27.9853989330522,44.1001125929021,7.35630985412731,16.7912393598313,26.4600675557413
2021-12-24,14.342618631553,29.8465045670907,45.705769206436,8.60557117893183,17.9079027402544,27.4234615238616
2021-12-25,15.2019338365098,31.2721452365528,47.2032581287911,9.1211603019059,18.7632871419317,28.3219548772746
2021-12-26,17.7520812630805,33.4714522035015,49.5600835560427,10.6512487578483,20.0828713221009,29.7360501336256
2021-12-27,19.6295559422439,35.7745307181635,51.624319979855,11.7777335653463,21.4647184308981,30.974591987913
2021-12-28,22.7186507496434,38.1601773106757,54.141169238424,13.631190449786,22.8961063864054,32.4847015430544
2021-12-29,26.2609136025597,41.6504299619945,58.0001783453511,15.7565481615358,24.9902579771967,34.8001070072107
2021-12-30,30.1004415752541,45.8231529653439,62.6367742583916,18.0602649451524,27.4938917792063,37.582064555035
2021-12-31,34.7562111628384,50.7631138371054,66.9862376132417,20.8537266977031,30.4578683022632,40.191742567945
2022-01-01,40.0763976699187,55.9587415488345,71.971331825103,24.0458386019512,33.5752449293007,43.1827990950618
2022-01-02,46.607072759917,62.7326313716305,79.5037117039292,27.9642436559502,37.6395788229783,47.7022270223575
2022-01-03,54.2085807112736,70.3708958262379,86.8386805229885,32.5251484267642,42.2225374957427,52.1032083137931
2022-01-04,62.595601526016,78.6975372754702,95.1188943189636,37.5573609156096,47.2185223652821,57.0713365913782
2022-01-05,71.8406560471885,87.8518015774795,104.328946709728,43.1043936283131,52.7110809464877,62.597368025837
2022-01-06,82.7158824039951,98.7242421499382,114.773692089074,49.629529442397,59.2345452899629,68.8642152534445
2022-01-07,93.9835593003614,109.949371597488,125.482461457932,56.3901355802168,65.9696229584925,75.2894768747593
2022-01-08,105.850273996153,122.093710845924,138.217100736827,63.510164397692,73.2562265075546,82.9302604420964
2022-01-09,118.816925187066,134.52564046105,150.824517318655,71.2901551122399,80.7153842766301,90.4947103911932
2022-01-10,130.163845572459,146.095068196691,162.065026309595,78.0983073434753,87.6570409180149,97.239015785757
2022-01-11,140.66668742524,156.562404111898,172.846089183432,84.4000124551443,93.9374424671387,103.707653510059
2022-01-12,150.059738219421,166.209818215311,181.968004779383,90.0358429316528,99.7258909291867,109.18080286763
2022-01-13,157.657375388119,174.158496927812,189.721482868879,94.5944252328717,104.495098156687,113.832889721327
2022-01-14,164.601574880729,180.4996169388,196.863266497446,98.7609449284374,108.29977016328,118.117959898468
2022-01-15,170.853097289327,186.443308875628,201.943175833121,102.511858373596,111.865985325377,121.165905499873
2022-01-16,175.273251181662,191.769662275575,208.421789912493,105.163950708997,115.061797365345,125.053073947496
2022-01-17,179.162023724154,195.089605662184,211.396570046261,107.497214234493,117.05376339731,126.837942027757
2022-01-18,182.123434675853,198.403022866533,214.931387210715,109.274060805512,119.04181371992,128.958832326429
2022-01-19,184.83198077204,200.644700801211,216.545710176955,110.899188463224,120.386820480727,129.927426106173
2022-01-20,186.336441006039,202.294560237794,218.584862529363,111.801864603624,121.376736142677,131.150917517618
2022-01-21,186.728729223055,202.522997620737,218.30971399606,112.037237533833,121.513798572442,130.985828397636
2022-01-22,186.816967903742,202.705970175437,218.783875686307,112.090180742245,121.623582105262,131.270325411784
2022-01-23,185.495993763335,201.859795756846,218.164974196326,111.297596258001,121.115877454108,130.898984517795
2022-01-24,184.340967583809,200.685529400168,216.835632649123,110.604580550285,120.411317640101,130.101379589474
2022-01-25,181.950858556696,198.601470552519,214.549204216674,109.170515134017,119.160882331511,128.729522530005
2022-01-26,179.872908558444,196.224285879212,212.152499510808,107.923745135067,117.734571527527,127.291499706485
2022-01-27,176.650328694419,192.908509452134,208.949597047589,105.990197216651,115.745105671281,125.369758228553
2022-01-28,173.238277861104,189.864506027179,206.398329582522,103.942966716663,113.918703616307,123.838997749513
2022-01-29,170.038252327777,186.174587209267,202.482174082442,102.022951396666,111.70475232556,121.489304449465
2022-01-30,166.007970184324,181.993344076973,198.055400313273,99.6047821105942,109.196006446184,118.833240187964
2022-01-31,161.560620725167,177.728397019451,193.406223436316,96.9363724351001,106.637038211671,116.04373406179
2022-02-01,156.707991202196,172.931434844271,188.869124849268,94.0247947213176,103.758860906563,113.321474909561
2022-02-02,151.864184851641,167.809771556289,184.039439938067,91.1185109109846,100.685862933773,110.42366396284
2022-02-03,146.937947009064,162.704378341907,178.132391198537,88.1627682054381,97.6226270051443,106.879434719122
2022-02-04,142.047327951766,157.636617493346,173.476685751821,85.2283967710596,94.5819704960078,104.086011451092
2022-02-05,136.317940032947,152.256186574344,168.314339040048,81.7907640197683,91.3537119446063,100.988603424029
2022-02-06,130.937302515644,147.149283730971,162.830577423351,78.5623815093867,88.2895702385827,97.6983464540105
2022-02-07,126.647514198304,142.100847887987,157.847113316623,75.9885085189822,85.2605087327923,94.708267989974
2022-02-08,120.351280082893,136.198518089404,152.116975007366,72.2107680497355,81.7191108536426,91.2701850044194
2022-02-09,115.427294822663,131.2267997477,146.665951777154,69.2563768935977,78.7360798486202,87.9995710662922
2022-02-10,109.722582571134,126.015087183828,141.187444570348,65.8335495426804,75.6090523102966,84.7124667422086
2022-02-11,105.073780494964,120.489877844376,137.025191957131,63.0442682969784,72.2939267066256,82.2151151742789
2022-02-12,100.769743240883,115.843895770725,131.812962637478,60.4618459445299,69.5063374624352,79.0877775824865
2022-02-13,94.3720194218197,110.443887332974,126.185404897743,56.6232116530918,66.2663323997841,75.7112429386461
2022-02-14,89.5269148112577,105.764722040712,121.763922248244,53.7161488867546,63.458833224427,73.0583533489465
2022-02-15,85.2595448726161,101.587562813832,118.137543570435,51.1557269235697,60.952537688299,70.882526142261
2022-02-16,80.6951852919069,96.5072011535535,112.710164347796,48.4171111751441,57.9043206921321,67.6260986086773
2022-02-17,76.4300063574104,92.2270268973851,108.228852417954,45.8580038144462,55.336216138431,64.9373114507722
2022-02-18,72.6911540839982,87.9453653404319,103.654376654878,43.6146924503989,52.7672192042591,62.192625992927
2022-02-19,68.6064132601577,83.8896500744511,99.6413729713577,41.1638479560946,50.3337900446707,59.7848237828146
2022-02-20,63.7604916816855,80.1050090909689,95.93816619264,38.2562950090113,48.0630054545813,57.562899715584
2022-02-21,61.1717213176906,76.2653137107825,91.4578693583844,36.7030327906144,45.7591882264695,54.8747216150307
2022-02-22,56.2634224428824,72.3180005868033,88.1675033174711,33.7580534657295,43.390800352082,52.9005019904826
2022-02-23,53.9009624235126,69.0484775100938,84.8122744868804,32.3405774541076,41.4290865060563,50.8873646921282
2022-02-24,50.3244768449968,66.2353533286563,81.9253663034481,30.1946861069981,39.7412119971938,49.1552197820689
2022-02-25,48.0409314304435,63.3487760668415,79.0372410365558,28.8245588582661,38.0092656401049,47.4223446219335
2022-02-26,44.8282990333832,60.9060589797932,76.3729870131832,26.8969794200299,36.5436353878759,45.8237922079099
2022-02-27,42.4554249615079,58.5480816062106,74.2642368141621,25.4732549769047,35.1288489637264,44.5585420884973
2022-02-28,40.2153992808574,56.0681507748929,71.7533523816897,24.1292395685144,33.6408904649357,43.0520114290138
2022-03-01,38.2674695997081,53.5919525175854,69.9652036459082,22.9604817598248,32.1551715105512,41.9791221875449
2022-03-02,36.3782381137793,52.3067239250806,67.7897732476114,21.8269428682676,31.3840343550483,40.6738639485668
2022-03-03,33.8501562194238,50.4801955360756,66.7101282368514,20.3100937316543,30.2881173216454,40.0260769421109
2022-03-04,32.6407628724114,48.5412842400504,64.030361710128,19.5844577234468,29.1247705440302,38.4182170260768
2022-03-05,32.0740039519404,46.8969537725916,62.8111402225531,19.2444023711642,28.138172263555,37.6866841335318
2022-03-06,30.5856242072903,45.7897146823999,60.6464745285467,18.3513745243742,27.4738288094399,36.387884717128
2022-03-07,28.7859472258896,44.3223301324681,60.1360033158615,17.2715683355338,26.5933980794809,36.0816019895169
2022-03-08,27.1731623458538,43.0323581875569,58.7999764211611,16.3038974075123,25.8194149125342,35.2799858526966
2022-03-09,26.102062928243,41.5811563208307,58.0558798055396,15.6612377569458,24.9486937924984,34.8335278833238
2022-03-10,25.1991676369364,40.3993439055103,55.9848715037998,15.1195005821618,24.2396063433062,33.5909229022799
2022-03-11,23.9581054042129,39.5901183672285,55.3522012960277,14.3748632425277,23.7540710203371,33.2113207776166
2022-03-12,23.0990793506386,38.5651026252378,55.1574282479651,13.8594476103831,23.1390615751427,33.0944569487791
2022-03-13,22.376229657667,37.4335898106017,53.5363102046384,13.4257377946002,22.460153886361,32.121786122783
2022-03-14,21.3758241120295,36.8134809680189,52.34169173627,12.8254944672177,22.0880885808113,31.405015041762
2022-03-15,20.0849816395679,35.8163218904905,51.1475622677655,12.0509889837407,21.4897931342943,30.6885373606593
2022-03-16,18.9924432372616,34.849181623437,50.2844289352906,11.395465942357,20.9095089740622,30.1706573611744
2022-03-17,18.3709400843139,34.1700407407058,49.8313835329254,11.0225640505884,20.5020244444235,29.8988301197552
2022-03-18,17.9139604196014,33.4775931821458,48.9272107814221,10.7483762517608,20.0865559092875,29.3563264688533
2022-03-19,17.4440482617545,33.2498545489022,48.2386325818284,10.4664289570527,19.9499127293413,28.943179549097
2022-03-20,16.2451136825905,32.4033375666576,48.2724422560645,9.74706820955432,19.4420025399946,28.9634653536387
2022-03-21,15.9645220013291,31.6240169972201,47.1166560806897,9.57871320079747,18.9744101983321,28.2699936484138
2022-03-22,15.5431068819077,31.4192171681212,47.3708249216284,9.32586412914464,18.8515303008728,28.4224949529771
2022-03-23,14.9005665474764,30.8364336541245,46.3640276379042,8.94033992848586,18.5018601924747,27.8184165827425
2022-03-24,14.4236193707453,30.866308142368,46.2143214068538,8.65417162244716,18.5197848854208,27.7285928441123
2022-03-25,14.0987295651281,29.786777165922,45.7132673494016,8.45923773907686,17.8720662995532,27.427960409641
2022-03-26,13.9659331053424,29.7962510683524,45.4557203630943,8.37955986320541,17.8777506410115,27.2734322178566
2022-03-27,13.5791100653542,29.6745362072278,44.7943200481901,8.14746603921251,17.8047217243367,26.876592028914
2022-03-28,13.377239372995,28.6689144231031,44.4851297588004,8.02634362379702,17.2013486538619,26.6910778552803
2022-03-29,12.8286486995123,28.5141554174786,44.0211881261631,7.69718921970736,17.1084932504871,26.4127128756978
2022-03-30,12.611724127954,28.2203526618237,44.0818501961902,7.5670344767724,16.9322115970942,26.4491101177141
2022-03-31,12.8552897819814,28.3173169059406,43.9876910671729,7.71317386918883,16.9903901435644,26.3926146403037
2022-04-01,12.1032641901891,28.0962460163951,43.9694013562148,7.26195851411347,16.8577476098371,26.3816408137289
2022-04-02,12.255794911822,28.0618412908477,43.7155305348444,7.35347694709322,16.8371047745086,26.2293183209066
2022-04-03,12.0815863390256,27.9832401222576,43.5008619006175,7.24895180341537,16.7899440733546,26.1005171403705
2022-04-04,12.0946947554051,27.6128493463094,43.5666641853189,7.25681685324304,16.5677096077856,26.1399985111913
2022-04-05,12.1098763775368,27.9528877717575,43.751614207464,7.26592582652207,16.7717326630545,26.2509685244784
2022-04-06,11.8701768097651,27.9787226918101,43.3748792263084,7.12210608585907,16.7872336150861,26.024927535785
2022-04-07,12.5534049989515,27.7281512774357,43.6928654831574,7.53204299937088,16.6368907664614,26.2157192898944
2022-04-08,11.9299139994448,27.5432072995449,43.4591713191545,7.15794839966686,16.5259243797269,26.0755027914927
2022-04-09,12.2598466279777,28.0467956048651,43.5180476274915,7.35590797678663,16.828077362919,26.1108285764949
2022-04-10,12.4084414488802,27.7627058011201,43.9297626775205,7.44506486932813,16.6576234806721,26.3578576065123
2022-04-11,11.7684519757075,27.7280567897695,43.9260491332753,7.06107118542449,16.6368340738617,26.3556294799652
2022-04-12,12.0422098145307,28.0698597598958,43.1646242675734,7.2253258887184,16.8419158559375,25.8987745605441
2022-04-13,12.5424762002499,27.859515008904,44.1688500815447,7.52548572014991,16.7157090053424,26.5013100489268
2022-04-14,11.7034141716951,27.466154764357,43.6591716301201,7.02204850301708,16.4796928586142,26.1955029780721
2022-04-15,12.2561868863847,28.4355627924897,44.3407258609351,7.35371213183084,17.0613376754938,26.6044355165611
2022-04-16,12.9660261603169,28.6582941322687,44.2903998715085,7.77961569619014,17.1949764793612,26.5742399229051
2022-04-17,12.733776499851,28.7146236824696,44.4444683973042,7.6402658999106,17.2287742094818,26.6666810383825
2022-04-18,13.2928010654298,29.2201441211515,44.5139525182418,7.97568063925787,17.5320864726909,26.7083715109451
2022-04-19,13.5621379943782,29.2328430375214,45.3273159347779,8.1372827966269,17.5397058225128,27.1963895608667
2022-04-20,13.8335046060438,29.5777991706638,45.3594095890033,8.30010276362627,17.7466795023983,27.215645753402
2022-04-21,14.6831652776094,29.9378518272411,45.2592694024468,8.80989916656565,17.9627110963446,27.1555616414681
2022-04-22,14.554527371148,29.8290262156767,45.646578801438,8.73271642268879,17.897415729406,27.3879472808628
2022-04-23,14.2574577102644,30.5619735460043,45.7010641767859,8.55447462615865,18.3371841276026,27.4206385060715
2022-04-24,15.1692145549922,30.6674979403592,46.4942031008265,9.10152873299529,18.4004987642155,27.8965218604959
2022-04-25,15.0801103878328,31.3464884073578,47.013209050383,9.04806623269966,18.8078930444147,28.2079254302298
2022-04-26,15.7550046846985,31.3839440009442,47.0567687937318,9.45300281081908,18.8303664005665,28.2340612762391
2022-04-27,16.0387395280232,31.8158917745104,47.6152269260075,9.62324371681391,19.0895350647062,28.5691361556045
2022-04-28,16.1940692266516,32.1270699954477,47.6307672874336,9.71644153599095,19.2762419972686,28.5784603724602
2022-04-29,17.3987543325343,32.4911442072967,47.9707752692559,10.4392525995206,19.494686524378,28.7824651615535
2022-04-30,17.8686104529099,33.2309349927314,48.5087811268928,10.721166271746,19.9385609956388,29.1052686761357
2022-05-01,18.2044046794125,33.6864922355259,49.2619754393732,10.9226428076475,20.2118953413155,29.5571852636239
2022-05-02,17.8053807045174,34.1544530165547,49.7819782227319,10.6832284227105,20.4926718099328,29.8691869336391
2022-05-03,18.9950992563744,34.6743225389316,50.3910851325815,11.3970595538247,20.804593523359,30.2346510795489
2022-05-04,19.6394216245654,34.901506735433,50.8148888630753,11.7836529747392,20.9409040412598,30.4889333178452
2022-05-05,19.8102870291849,35.3253721335201,51.0292729113747,11.886172217511,21.1952232801121,30.6175637468248
2022-05-06,20.5981726103576,35.9397813570678,51.476252231876,12.3589035662145,21.5638688142407,30.8857513391256
2022-05-07,20.7785451597619,36.3238100129478,52.2390833029622,12.4671270958571,21.7942860077687,31.3434499817773
2022-05-08,21.5966159654153,37.3387259896477,53.0551364264651,12.9579695792492,22.4032355937886,31.8330818558791
2022-05-09,21.5814815587619,37.6221827799738,53.2545227180266,12.9488889352571,22.5733096679843,31.9527136308159
2022-05-10,22.0873790466213,38.0835129521772,54.5285624672462,13.2524274279728,22.8501077713063,32.7171374803477
2022-05-11,22.9796902073071,38.9125043423216,55.0539244601996,13.7878141243843,23.3475026053929,33.0323546761197
2022-05-12,23.5972888922225,39.2607321624804,55.2304275805682,14.1583733353335,23.5564392974882,33.1382565483409
2022-05-13,24.2041494072762,40.0580649586316,55.6997631748328,14.5224896443657,24.034838975179,33.4198579048997
2022-05-14,24.9651995632974,40.6269741506519,56.9794084745223,14.9791197379784,24.3761844903912,34.1876450847134
2022-05-15,25.6709942400388,41.3664947587707,56.8909423607058,15.4025965440233,24.8198968552624,34.1345654164235
2022-05-16,26.4381011709533,41.9547187989759,57.6295020016366,15.862860702572,25.1728312793856,34.577701200982
2022-05-17,26.5236466977116,42.6730061663314,58.7950813975707,15.914188018627,25.6038036997989,35.2770488385424
2022-05-18,27.055340209811,43.3077772126354,58.9333289506205,16.2332041258866,25.9846663275812,35.3599973703723
2022-05-19,27.9029457761665,43.796502538668,59.8490882812773,16.7417674656999,26.2779015232008,35.9094529687664
2022-05-20,29.0587119233941,44.8631673593673,61.5047384936328,17.4352271540365,26.9179004156204,36.9028430961797
2022-05-21,29.7937795314038,45.8159859945236,61.4570598098164,17.8762677188423,27.4895915967141,36.8742358858898
2022-05-22,30.9164996892126,46.4055134291111,62.5524912532868,18.5498998135275,27.8433080574666,37.5314947519721
2022-05-23,30.80373362915,47.0437684644598,62.8835495852186,18.48224017749,28.2262610786759,37.7301297511312
2022-05-24,32.1046631893517,47.8437890436256,63.5666129890733,19.262797913611,28.7062734261754,38.139967793444
2022-05-25,32.5400655597814,48.2326201733348,64.0908265173267,19.5240393358689,28.9395721040009,38.454495910396
2022-05-26,33.6721375256855,49.262255799687,65.166598556191,20.2032825154113,29.5573534798122,39.0999591337146
2022-05-27,34.2153284315304,50.193233920868,66.2310007415596,20.5291970589183,30.1159403525208,39.7386004449358
2022-05-28,35.168245756747,50.796686746525,66.0446216770696,21.1009474540482,30.478012047915,39.6267730062418
2022-05-29,36.1398827243457,51.6944879129372,67.1567682254565,21.6839296346074,31.0166927477623,40.2940609352739
2022-05-30,36.2615047159487,52.682370298914,68.6656933662973,21.7569028295692,31.6094221793484,41.1994160197784
2022-05-31,37.4377931566085,53.3224589707869,69.0346199604877,22.4626758939651,31.9934753824721,41.4207719762926
2022-06-01,38.8673285365467,54.4324658392306,70.1766682277755,23.320397121928,32.6594795035383,42.1060009366653
2022-06-02,39.6612224676931,55.3904618783801,71.0616636732786,23.7967334806159,33.2342771270281,42.6369982039671
2022-06-03,40.1304612818012,56.0776923325206,72.0793385573479,24.0782767690807,33.6466153995124,43.2476031344087
2022-06-04,41.1955886087946,57.017491406608,72.5489412097057,24.7173531652768,34.2104948439648,43.5293647258234
2022-06-05,42.0169286882436,58.1164934729578,73.5086379280963,25.2101572129462,34.8698960837747,44.1051827568578
2022-06-06,43.0233748247503,58.7858555812075,75.0902096953694,25.8140248948502,35.2715133487245,45.0541258172216
2022-06-07,44.0175904820969,60.0307990347219,75.3833672787443,26.4105542892581,36.0184794208331,45.2300203672466
2022-06-08,45.0433277921286,61.0046894741616,76.9242144320119,27.0259966752772,36.602813684497,46.1545286592072
2022-06-09,46.0610019110855,61.9112927455791,77.2376899392769,27.6366011466513,37.1467756473475,46.3426139635661
2022-06-10,46.6528671594655,62.8059637157463,78.7903409901962,27.9917202956793,37.6835782294478,47.2742045941178
2022-06-11,48.6048954886103,63.5371678628127,79.2932874941235,29.1629372931662,38.1223007176876,47.5759724964741
2022-06-12,48.4522407748907,64.7179010544184,80.7980057149089,29.0713444649344,38.830740632651,48.4788034289453
2022-06-13,50.2443801003185,65.6682062681204,81.2000221746234,30.1466280601911,39.4009237608722,48.7200133047741
2022-06-14,50.8314055493653,66.9481007239375,82.2934616732202,30.4988433296192,40.1688604343625,49.3760770039321
2022-06-15,52.2654403951724,68.0186118411205,84.4028911696381,31.3592642371034,40.8111671046723,50.6417347017829
2022-06-16,53.0848077563219,68.8145517807061,84.5015156098117,31.8508846537931,41.2887310684237,50.700909365887
2022-06-17,54.0560450956383,69.6711658659579,85.7382214652882,32.433627057383,41.8026995195747,51.4429328791729
2022-06-18,55.56765554386,70.5883680140931,87.0817962348046,33.340593326316,42.3530208084558,52.2490777408828
2022-06-19,55.831007232257,71.9836833206451,88.1034975945715,33.4986043393542,43.190209992387,52.8620985567429
2022-06-20,56.6992803923693,72.7466337154662,88.3694981294232,34.0195682354216,43.6479802292797,53.021698877654
2022-06-21,58.1378314262979,74.0242130349642,89.9532481632401,34.8826988557787,44.4145278209785,53.9719488979441
2022-06-22,59.6363673325441,75.5455289824987,91.4688795698092,35.7818203995265,45.3273173894992,54.8813277418855
2022-06-23,60.5781542866585,76.4773104855004,91.8438975332046,36.3468925719951,45.8863862913003,55.1063385199228
2022-06-24,61.7075522724435,77.4291955070163,93.0420845054484,37.0245313634661,46.4575173042098,55.8252507032691
2022-06-25,62.5834880219313,78.2667735389722,94.312158124846,37.5500928131588,46.9600641233833,56.5872948749076
2022-06-26,63.505557848745,79.4681179362525,95.0390699282455,38.103334709247,47.6808707617515,57.0234419569473
2022-06-27,65.2073505269956,80.8021619129653,96.186669175504,39.1244103161974,48.4812971477792,57.7120015053024
2022-06-28,65.6871982105789,81.5288548935472,97.4694110792258,39.4123189263474,48.9173129361283,58.4816466475355
2022-06-29,67.1603004784525,82.5969410532362,98.6598176451686,40.2961802870715,49.5581646319418,59.1958905871012
2022-06-30,67.398028977093,83.7707268001741,99.1296578699885,40.4388173862558,50.2624360801044,59.4777947219931
2022-07-01,68.3566163931068,84.8172267532087,100.519253033645,41.0139698358641,50.8903360519252,60.3115518201869
2022-07-02,70.2082704927705,85.2644122197533,101.594097642022,42.1249622956623,51.158647331852,60.9564585852129
2022-07-03,71.0161728789457,86.2915481319615,102.630168125619,42.6097037273674,51.7749288791769,61.5781008753713
2022-07-04,70.765937321959,87.3138007942283,103.435119781715,42.4595623931754,52.388280476537,62.061071869029
2022-07-05,72.4320278198513,88.4325253228248,104.273113637215,43.4592166919108,53.0595151936949,62.5638681823292
2022-07-06,73.2963535608378,89.1925402032385,104.930568893386,43.9778121365027,53.5155241219431,62.9583413360314
2022-07-07,73.7369191660213,89.2864649343579,105.019661006199,44.2421514996128,53.5718789606147,63.0117966037197
2022-07-08,74.4481319964835,90.1001035648119,106.010801911411,44.6688791978901,54.0600621388871,63.6064811468465
2022-07-09,75.0338854267989,90.9190101438043,106.832471762459,45.0203312560793,54.5514060862826,64.0994830574751
2022-07-10,75.3483284447064,91.3908257380731,107.098824264174,45.2089970668239,54.8344954428439,64.2592945585043
2022-07-11,75.7529829780102,91.8576841283173,107.407210690034,45.4517897868061,55.1146104769904,64.4443264140205
2022-07-12,76.0651087205043,92.2888280851034,108.03824301347,45.6390652323026,55.373296851062,64.8229458080818
2022-07-13,76.387796166211,92.7470772745912,108.707426215639,45.8326776997266,55.6482463647547,65.2244557293833
2022-07-14,77.1443247847978,92.4583976360721,108.253980044676,46.2865948708787,55.4750385816432,64.9523880268058
2022-07-15,76.2822566339571,93.1021089287758,108.664728378659,45.7693539803742,55.8612653572655,65.1988370271956
2022-07-16,77.40976648768,92.8507228645764,109.003066548881,46.445859892608,55.7104337187459,65.4018399293287
2022-07-17,76.2329569070793,92.6200910091692,108.540651424689,45.7397741442476,55.5720546055015,65.1243908548133
2022-07-18,77.3174361360254,93.0080669117596,108.66497689784,46.3904616816152,55.8048401470558,65.1989861387041
2022-07-19,76.0960208449351,92.2483433422901,107.612000539618,45.657612506961,55.349006005374,64.5672003237709
2022-07-20,76.9083218736014,92.3097817912022,107.734292462513,46.1449931241609,55.3858690747213,64.640575477508
2022-07-21,75.2550666891191,91.6100043076426,108.208490218538,45.1530400134715,54.9660025845855,64.925094131123
2022-07-22,75.356327141886,91.4801357363152,107.36585834924,45.2137962851316,54.8880814417891,64.4195150095443
2022-07-23,74.0191502348364,90.2402136126635,106.605422584577,44.4114901409018,54.1441281675981,63.9632535507459
2022-07-24,74.1619824688679,89.4814142566474,105.566239420046,44.4971894813208,53.6888485539885,63.3397436520277
2022-07-25,73.0517748062938,89.1446350501304,104.954980859815,43.8310648837763,53.4867810300783,62.9729885158891
2022-07-26,72.5489879135192,88.3705312223935,103.938831690222,43.5293927481115,53.0223187334361,62.3632990141331
2022-07-27,71.307769671988,87.5124946843639,103.120832859511,42.7846618031928,52.5074968106183,61.8724997157064
2022-07-28,70.3439968919957,86.4697928763823,102.376334275523,42.2063981351974,51.8818757258294,61.4258005653137
2022-07-29,69.9287918977251,85.7070745788412,101.169619018701,41.9572751386351,51.4242447473047,60.7017714112205
2022-07-30,68.5654644288249,84.3652904918369,99.9319347108312,41.1392786572949,50.6191742951021,59.9591608264987
2022-07-31,67.3839564635639,83.5329511672128,99.4390713416971,40.4303738781384,50.1197707003277,59.6634428050183
2022-08-01,66.4599005433722,82.4755949463665,98.2076519177483,39.8759403260233,49.4853569678199,58.924591150649
2022-08-02,65.2892275164006,80.9100675799544,96.5063728379545,39.1735365098404,48.5460405479727,57.9038237027727
2022-08-03,64.130541268722,79.8585249308717,95.4918371338205,38.4783247612332,47.915114958523,57.2951022802923
2022-08-04,62.5113690157644,78.4479660378107,94.5368343949949,37.5068214094586,47.0687796226864,56.7221006369969
2022-08-05,61.434437172988,77.7310785250478,93.2748285277993,36.8606623037928,46.6386471150287,55.9648971166796
2022-08-06,60.303105198491,76.2680685990037,92.186796407124,36.1818631190946,45.7608411594022,55.3120778442744
2022-08-07,58.9091785351699,74.571580334747,90.7445073128312,35.3455071211019,44.7429482008482,54.4467043876987
2022-08-08,57.1200024931973,73.6172734603206,89.4909575570205,34.2720014959184,44.1703640761923,53.6945745342123
2022-08-09,56.195363124853,72.3337050632152,87.2488846786409,33.7172178749118,43.4002230379291,52.3493308071845
2022-08-10,55.5045137440503,70.6952428095612,86.6700451126957,33.3027082464302,42.4171456857367,52.0020270676174
2022-08-11,53.2939293987296,69.7011680750555,85.3210824515724,31.9763576392377,41.8207008450333,51.1926494709435
2022-08-12,51.9888157349296,68.3233450209696,84.3371852412117,31.1932894409578,40.9940070125818,50.602311144727
2022-08-13,50.7361871082096,66.9382578905762,82.6965258954991,30.4417122649257,40.1629547343457,49.6179155372994
2022-08-14,49.8355716868219,65.4360661464374,81.3015365284957,29.9013430120931,39.2616396878624,48.7809219170974
2022-08-15,48.6642839443732,64.4914228444648,80.121345617052,29.1985703666239,38.6948537066789,48.0728073702312
2022-08-16,47.6383275185931,63.3813867897246,78.7548838237041,28.5829965111559,38.0288320738348,47.2529302942225
2022-08-17,45.8436982574957,61.3909302410754,77.3365565907237,27.5062189544974,36.8345581446453,46.4019339544342
2022-08-18,43.4072900738562,60.1907445192591,76.734288667704,26.0443740443137,36.1144467115555,46.0405732006224
2022-08-19,42.9607269036481,58.9839827879639,74.8371395773892,25.7764361421888,35.3903896727784,44.9022837464335
2022-08-20,41.773480573816,57.9306335003766,73.5508773083081,25.0640883442896,34.7583801002259,44.1305263849848
2022-08-21,40.8789804992111,56.3384344749849,72.4321638795699,24.5273882995266,33.803060684991,43.4592983277419
2022-08-22,39.6007771073397,55.4647310205959,70.7884511537373,23.7604662644038,33.2788386123575,42.4730706922424
2022-08-23,38.4125042494414,54.358057692541,70.1654320604047,23.0475025496648,32.6148346155246,42.0992592362428
2022-08-24,37.4349316596453,52.8239847945505,68.3638169060283,22.4609589957872,31.6943908767303,41.018290143617
2022-08-25,36.2858409259413,52.1903348553425,67.2825844708714,21.7715045555648,31.3142009132055,40.3695506825228
2022-08-26,35.8600536241645,50.7005515790001,66.5667541402053,21.5160321744987,30.4203309474001,39.9400524841232
2022-08-27,34.0273489009906,49.9804425018963,66.5638387550046,20.4164093405944,29.9882655011377,39.9383032530028
2022-08-28,33.2743966280384,48.5468616108521,64.5396692281913,19.964637976823,29.1281169665113,38.7238015369147
2022-08-29,32.3601597457915,48.1375841812135,63.6974547669779,19.4160958474749,28.8825505087281,38.2184728601867
2022-08-30,31.0685344316609,47.0682443187229,63.0881996503061,18.6411206589965,28.2409465912337,37.8529197901837
2022-08-31,30.7382745949547,46.157030741243,61.7817552142828,18.4429647569728,27.6942184447458,37.0690531285697
2022-09-01,29.782781536408,44.7916113743672,61.1049124304506,17.8696689218448,26.8749668246203,36.6629474582704
2022-09-02,28.9379026743252,44.4054411242745,60.5620706918396,17.3627416045951,26.6432646745647,36.3372424151038
2022-09-03,27.5569496573597,43.6140198898483,59.0357692078249,16.5341697944158,26.168411933909,35.4214615246949
2022-09-04,26.7127715532536,42.5655713854758,58.8475582854301,16.0276629319521,25.5393428312855,35.3085349712581
2022-09-05,26.1627640207161,42.1166439777776,58.091863944276,15.6976584124296,25.2699863866666,34.8551183665656
2022-09-06,25.2188913260785,41.1976736195727,57.7383931877596,15.1313347956471,24.7186041717436,34.6430359126557
2022-09-07,24.5103522542048,40.5170539387555,56.0266172282345,14.7062113525229,24.3102323632533,33.6159703369407
2022-09-08,24.315115207742,39.4903229793886,55.3753563638813,14.5890691246452,23.6941937876332,33.2252138183288
2022-09-09,23.259056913124,39.0325072253586,55.0971246124188,13.9554341478744,23.4195043352151,33.0582747674513
2022-09-10,23.0286223010171,38.3365177765158,54.1503638832248,13.8171733806102,23.0019106659095,32.4902183299349
2022-09-11,21.6046379706621,38.293200770976,53.9967517790289,12.9627827823972,22.9759204625856,32.3980510674173
2022-09-12,20.9249420366574,37.1963481718149,52.9489150223396,12.5549652219944,22.317808903089,31.7693490134038
2022-09-13,20.7668391422899,36.6828489920374,52.6385837195696,12.4601034853739,22.0097093952224,31.5831502317417
2022-09-14,20.3874540017732,36.3203974539052,51.3645087518137,12.2324724010639,21.7922384723431,30.8187052510882
2022-09-15,20.4524687658385,35.6351849789508,51.6197248419158,12.2714812595031,21.3811109873705,30.9718349051495
2022-09-16,19.84666966259,35.0279876852314,51.3486716597389,11.908001797554,21.0167926111389,30.8092029958434
2022-09-17,19.0990976884315,34.7900211319081,50.214406072101,11.4594586130589,20.8740126791449,30.1286436432606
2022-09-18,18.6395966454198,34.206294602939,49.6797530889983,11.1837579872519,20.5237767617634,29.807851853399
2022-09-19,18.587522917365,34.1832879885648,50.332014173643,11.152513750419,20.5099727931389,30.1992085041858
2022-09-20,18.3616735648227,33.9590134794199,49.2959359893446,11.0170041388936,20.3754080876519,29.5775615936068
2022-09-21,17.5388505610292,33.3721495683408,49.5439146135775,10.5233103366175,20.0232897410045,29.7263487681465
2022-09-22,16.9198112866265,32.7771483168427,48.2084989512224,10.1518867719759,19.6662889901056,28.9250993707335
2022-09-23,16.7294848507184,32.4594361626062,48.5481199355551,10.037690910431,19.4756616975637,29.1288719613331
2022-09-24,16.7062819263767,32.3253253760268,47.9164098749259,10.023769155826,19.3951952256161,28.7498459249555
2022-09-25,16.4825224981128,32.0502357869399,47.2812232241963,9.88951349886768,19.2301414721639,28.3687339345178
2022-09-26,16.2647723916988,31.8330124272399,47.4565951068319,9.7588634350193,19.0998074563439,28.4739570640991
2022-09-27,15.7567884217539,31.5228956567086,47.7164136845877,9.45407305305231,18.9137373940252,28.6298482107526
2022-09-28,15.749288639649,31.467587226449,47.0042652537012,9.44957318378938,18.8805523358694,28.2025591522207
2022-09-29,15.9800905087387,31.333692955353,46.9560672989652,9.58805430524319,18.8002157732118,28.1736403793791
2022-09-30,14.9895583824114,30.8206860035419,46.2497016917468,8.99373502944683,18.4924116021251,27.7498210150481
2022-10-01,15.0212779775099,30.6223193062361,46.5131787831538,9.01276678650591,18.3733915837417,27.9079072698923
2022-10-02,14.8617376600699,31.0302517607778,46.7095930759484,8.91704259604191,18.6181510564667,28.025755845569
2022-10-03,15.3541069464446,30.9595754413137,46.1350146117954,9.21246416786673,18.5757452647882,27.6810087670772
2022-10-04,14.8339487606101,30.7480056019986,46.873293821048,8.90036925636603,18.4488033611991,28.1239762926288
2022-10-05,14.532406679406,30.7001998226288,46.2291878492189,8.71944400764358,18.4201198935773,27.7375127095313
2022-10-06,14.7589049567114,30.3106117173382,46.1540839035923,8.85534297402687,18.1863670304029,27.6924503421554
2022-10-07,14.3084912526175,30.4292978370158,46.1119283333296,8.58509475157053,18.2575787022095,27.6671569999978
2022-10-08,14.7729601571602,30.3907593137336,46.6464293921801,8.86377609429612,18.2344555882402,27.9878576353081
2022-10-09,14.5284447485885,30.469146403092,46.1402055936891,8.71706684915311,18.2814878418552,27.6841233562135
2022-10-10,15.3191406566524,30.5081477372401,46.3598541582039,9.19148439399146,18.3048886423441,27.8159124949224
2022-10-11,14.7263830259053,30.6226797692136,46.7752138777835,8.83582981554321,18.3736078615281,28.0651283266701
2022-10-12,14.6876336089282,30.4181720690299,45.9687459051091,8.81258016535692,18.2509032414179,27.5812475430655
2022-10-13,14.7103128770583,30.6773652462897,46.7679265157827,8.82618772623499,18.4064191477738,28.0607559094696
2022-10-14,15.1258590319532,31.1560337554451,46.3192075734525,9.07551541917189,18.6936202532671,27.7915245440715
2022-10-15,15.6359014093365,30.8534347258925,46.3657938500016,9.3815408456019,18.5120608355355,27.819476310001
2022-10-16,15.532559808496,31.1262719935667,46.7640490935571,9.31953588509757,18.67576319614,28.0584294561343
2022-10-17,16.1293069874221,31.0968073977748,47.0708527781941,9.67758419245327,18.6580844386649,28.2425116669165
2022-10-18,15.1302377028134,31.478485670767,47.3685057642204,9.07814262168803,18.8870914024602,28.4211034585322
2022-10-19,16.325924272408,31.9010413596917,47.4811595489445,9.79555456344478,19.140624815815,28.4886957293667
2022-10-20,16.1047076697126,31.845495787498,47.6383964267746,9.66282460182758,19.1072974724988,28.5830378560647
2022-10-21,16.0953795580255,32.1532401412266,47.917376409454,9.65722773481531,19.2919440847359,28.7504258456724
2022-10-22,17.0218901189517,32.7856964459884,48.3059065166477,10.213134071371,19.671417867593,28.9835439099886
2022-10-23,17.2185194195016,32.7547428482546,48.7973756596798,10.331111651701,19.6528457089528,29.2784253958079
2022-10-24,17.6644998455022,33.3102426699288,48.9051547646174,10.5986999073013,19.9861456019573,29.3430928587704
2022-10-25,17.8637022748613,33.7082382550827,49.6763255604722,10.7182213649168,20.2249429530496,29.8057953362833
2022-10-26,18.7402922197644,34.5813624869952,50.6349246114152,11.2441753318587,20.7488174921971,30.3809547668491
2022-10-27,18.4654182784809,34.568478361816,50.9025409228673,11.0792509670886,20.7410870170896,30.5415245537204
2022-10-28,19.2600455249494,34.5642763295123,49.984391356396,11.5560273149696,20.7385657977074,29.9906348138376
2022-10-29,19.0437920413273,35.251096565143,50.667274219229,11.4262752247964,21.1506579390858,30.4003645315374
2022-10-30,20.2025645888725,35.976607544783,51.7721868762876,12.1215387533235,21.5859645268698,31.0633121257726
2022-10-31,21.0504424226602,36.9263149486506,52.3598632588101,12.6302654535961,22.1557889691903,31.4159179552861
2022-11-01,21.4687093784149,37.2235448132508,52.5893131333943,12.8812256270489,22.3341268879505,31.5535878800366
2022-11-02,22.4005339319316,37.9534656601679,53.6521249275998,13.4403203591589,22.7720793961007,32.1912749565599
2022-11-03,22.4080339086027,38.5780801138287,54.5257358704252,13.4448203451616,23.1468480682972,32.7154415222551
2022-11-04,23.069202239473,39.1545306185533,54.8206934832998,13.8415213436838,23.492718371132,32.8924160899799
2022-11-05,23.6799879855813,39.6989600028224,55.6769751379801,14.2079927913488,23.8193760016934,33.406185082788
2022-11-06,24.165520754648,40.390154848673,56.4038590798033,14.4993124527888,24.2340929092038,33.842315447882
2022-11-07,25.6638235125881,41.5377237578844,57.3298382456909,15.3982941075529,24.9226342547307,34.3979029474146
2022-11-08,25.9688095526774,42.1438587121856,58.304675260485,15.5812857316064,25.2863152273114,34.982805156291
2022-11-09,26.9500107727106,42.8713677813073,58.7142726565798,16.1700064636264,25.7228206687844,35.2285635939479
2022-11-10,28.0140661902856,43.776996922229,59.5606362603439,16.8084397141714,26.2661981533374,35.7363817562063
2022-11-11,29.2081977197591,45.2407432625287,60.6567174169714,17.5249186318554,27.1444459575172,36.3940304501829
2022-11-12,30.6102279491779,46.0362886539247,61.1706295028724,18.3661367695068,27.6217731923548,36.7023777017235
2022-11-13,30.7142185913603,46.8730841301223,62.3917122974121,18.4285311548162,28.1238504780734,37.4350273784473
2022-11-14,32.2657886829064,47.7001417703292,64.0399944782349,19.3594732097438,28.6200850621975,38.4239966869409
2022-11-15,33.7562028784878,49.2314837047628,65.1028200552807,20.2537217270927,29.5388902228576,39.0616920331684
2022-11-16,34.1251517157395,50.3767217484896,66.3990083306747,20.4750910294437,30.2260330490938,39.8394049984048
2022-11-17,35.426171102047,51.4898605356194,67.1559501338483,21.2557026612282,30.8939163213717,40.293570080309
2022-11-18,36.8263499353325,52.4532198175946,68.641475038772,22.0958099611995,31.4719318905568,41.1848850232632
2022-11-19,38.0049637815206,53.584156152282,69.1802962567824,22.8029782689124,32.1504936913692,41.5081777540695
2022-11-20,38.7320591354983,54.7846594818689,70.7693551502287,23.239235481299,32.8707956891214,42.4616130901372
2022-11-21,40.0236930858365,55.9187496191996,71.7555324188718,24.0142158515019,33.5512497715197,43.0533194513231
2022-11-22,41.6106010711877,57.1433373105672,72.7495513952665,24.9663606427126,34.2860023863403,43.6497308371599
2022-11-23,43.0516208490734,58.2933313070409,74.7008851688319,25.830972509444,34.9759987842245,44.8205311012992
2022-11-24,44.2377861758708,59.5250215642114,75.6321659687549,26.5426717055225,35.7150129385268,45.3792995812529
2022-11-25,45.2029384368133,61.346535391211,76.9273684444056,27.121763062088,36.8079212347266,46.1564210666433
2022-11-26,46.7709764210726,62.137704223037,77.6025760110005,28.0625858526435,37.2826225338222,46.5615456066003
2022-11-27,47.7845336005447,63.532078756199,78.8535543553926,28.6707201603268,38.1192472537194,47.3121326132356
2022-11-28,49.4429071800505,64.6149456462849,80.9231858160907,29.6657443080303,38.7689673877709,48.5539114896544
2022-11-29,50.5921732247004,65.9278701133361,82.1610872056293,30.3553039348202,39.5567220680017,49.2966523233776
2022-11-30,52.1175286513122,67.757347339941,83.6994071070056,31.2705171907873,40.6544084039646,50.2196442642033
2022-12-01,52.7746622227432,68.7173793199464,84.566353208897,31.6647973336459,41.2304275919678,50.7398119253382
2022-12-02,54.2935652290645,69.7698256894378,85.4649809134847,32.5761391374387,41.8618954136627,51.2789885480908
2022-12-03,55.3980101630986,71.1465632897083,87.064659722343,33.2388060978591,42.687937973825,52.2387958334058
2022-12-04,56.6692398240595,72.7046085986545,88.7762317022949,34.0015438944357,43.6227651591927,53.2657390213769
2022-12-05,58.0209811673061,73.5428697207946,89.5684098839454,34.8125887003836,44.1257218324768,53.7410459303673
2022-12-06,58.4504644636538,74.763767547955,90.4389905942356,35.0702786781923,44.858260528773,54.2633943565414
2022-12-07,59.7748600187216,76.129462351245,92.1581531304735,35.8649160112329,45.677677410747,55.2948918782841
2022-12-08,60.9282842305088,77.0562554452359,93.0598204436106,36.5569705383053,46.2337532671416,55.8358922661664
2022-12-09,61.9930719277571,77.7727254399709,93.4220710432654,37.1958431566543,46.6636352639826,56.0532426259593
2022-12-10,62.6818663240457,78.6350676754895,95.1071781218346,37.6091197944274,47.1810406052937,57.0643068731008
2022-12-11,64.035929454758,79.5243933021308,95.1526794256779,38.4215576728548,47.7146359812785,57.0916076554067
2022-12-12,64.0942187525136,80.2540981018275,96.1527708759692,38.4565312515081,48.1524588610965,57.6916625255815
2022-12-13,65.1729231849165,81.153257710836,96.8834018596795,39.1037539109499,48.6919546265016,58.1300411158077
2022-12-14,66.1912879475648,81.6550817425846,97.8504034032274,39.7147727685389,48.9930490455507,58.7102420419365
2022-12-15,65.7137980055758,81.9564896282456,98.261089230714,39.4282788033455,49.1738937769473,58.9566535384284
2022-12-16,66.5243848234667,82.6087053216295,98.6825279163603,39.91463089408,49.5652231929777,59.2095167498162
2022-12-17,67.0816071409151,83.0615029859624,98.5851064441535,40.248964284549,49.8369017915774,59.1510638664921
2022-12-18,67.4854458256078,83.0892901587501,99.1873460518676,40.4912674953647,49.8535740952501,59.5124076311206
2022-12-19,67.6616731994117,83.4118051927551,99.1167738725363,40.597003919647,50.047083115653,59.4700643235218
2022-12-20,68.1601500751447,83.598189354913,99.3990752720442,40.8960900450868,50.1589136129478,59.6394451632265
2022-12-21,68.0265530331113,83.7955896904351,100.224087577713,40.8159318198668,50.277353814261,60.1344525466278
2022-12-22,68.0650053766729,83.8529406586282,99.4955615113367,40.8390032260037,50.3117643951769,59.697336906802
2022-12-23,68.3648045334304,83.7875905046095,99.7978643122619,41.0188827200582,50.2725543027657,59.8787185873572
2022-12-24,67.97324803841,83.3968952146842,99.7959106513629,40.783948823046,50.0381371288105,59.8775463908178
2022-12-25,67.5659441802354,83.4765764658477,99.3317756507671,40.5395665081412,50.0859458795086,59.5990653904602
2022-12-26,66.7090642099563,82.8498935295228,98.9052121287779,40.0254385259738,49.7099361177137,59.3431272772667
2022-12-27,67.1336115130581,82.4996103095904,98.0947399275362,40.2801669078349,49.4997661857542,58.8568439565217
2022-12-28,65.7360248744665,82.458539754912,98.1227115005376,39.4416149246799,49.4751238529472,58.8736269003226
2022-12-29,66.2354035045858,81.7459970479403,97.3573811378891,39.7412421027515,49.0475982287641,58.4144286827334
2022-12-30,65.1293222475556,81.2020411837842,97.3175260289923,39.0775933485334,48.7212247102705,58.3905156173954
2022-12-31,64.5182014021258,80.5133729646395,96.3261733014148,38.7109208412755,48.3080237787837,57.7957039808489
2023-01-01,63.7808349066053,79.8533129150384,95.7919468737416,38.2685009439632,47.911987749023,57.475168124245
2023-01-02,63.1490326252421,79.1220134612551,94.891812811339,37.8894195751453,47.473208076753,56.9350876868034
2023-01-03,63.0682474004567,78.6490226681793,93.7122759324133,37.840948440274,47.1894136009076,56.227365559448
2023-01-04,61.5484613233899,77.8593835042803,93.4957215303019,36.929076794034,46.7156301025682,56.0974329181811
2023-01-05,60.6209821802976,76.793894937192,92.1438560396471,36.3725893081785,46.0763369623152,55.2863136237883
2023-01-06,60.1142938165749,75.7654840809939,91.2347629131893,36.0685762899449,45.4592904485964,54.7408577479136
2023-01-07,59.2726454119453,75.1523049814993,91.38480319084,35.5635872471672,45.0913829888996,54.830881914504
2023-01-08,58.4947860286366,74.4089684820077,89.4498937631147,35.096871617182,44.6453810892046,53.6699362578688
2023-01-09,57.4904237802923,73.4184760685476,89.0962063494487,34.4942542681754,44.0510856411285,53.4577238096692
2023-01-10,56.067389511577,72.1137189551449,87.183143731208,33.6404337069462,43.2682313730869,52.3098862387248
2023-01-11,55.2864099674381,71.4015053176911,87.1569533479793,33.1718459804628,42.8409031906146,52.2941720087875
2023-01-12,54.4889948603247,70.196443353624,85.6579358525381,32.6933969161948,42.1178660121744,51.3947615115229
2023-01-13,53.5706312084035,69.0349049544474,85.9683658270146,32.1423787250421,41.4209429726684,51.5810194962088
2023-01-14,52.6913406369044,68.6339701123349,83.6403213945864,31.6148043821426,41.1803820674009,50.1841928367519
2023-01-15,52.3075027930153,67.6368418200029,83.6646109804392,31.3845016758092,40.5821050920017,50.1987665882635
2023-01-16,50.3304522981291,66.3973773399785,82.8945395568684,30.1982713788774,39.8384264039871,49.7367237341211
2023-01-17,50.158464517592,65.4305519403652,81.2447354469405,30.0950787105552,39.2583311642191,48.7468412681643
2023-01-18,48.2641490847395,64.3616141598104,80.1757594453096,28.9584894508437,38.6169684958862,48.1054556671858
2023-01-19,47.9219190005231,63.6217877561066,79.5087218453522,28.7531514003138,38.173072653664,47.7052331072113
2023-01-20,47.2968455098152,62.5747922723309,78.0634280890348,28.3781073058891,37.5448753633986,46.8380568534209
2023-01-21,46.0715423650684,62.0163594876875,77.774646329799,27.642925419041,37.2098156926125,46.6647877978794
2023-01-22,45.3222490300479,61.2300779213015,76.6406575316485,27.1933494180287,36.7380467527809,45.9843945189891
2023-01-23,44.224534642597,59.4889659422761,75.7861051049597,26.5347207855582,35.6933795653656,45.4716630629758
2023-01-24,43.7087998024818,59.3759676418156,75.3438415398151,26.2252798814891,35.6255805850893,45.2063049238891
2023-01-25,43.2755113024535,58.2219553073263,74.0054991151146,25.9653067814721,34.9331731843958,44.4032994690687
2023-01-26,42.0704057515131,57.8077908223174,74.1845972035326,25.2422434509079,34.6846744933904,44.5107583221196
2023-01-27,41.32950685659,56.9373430351976,73.0972922755276,24.797704113954,34.1624058211186,43.8583753653166
2023-01-28,40.1470289960419,56.6113453338347,72.1479019770589,24.0882173976251,33.9668072003008,43.2887411862354
2023-01-29,39.8504371305805,55.6835323486733,70.9780143880171,23.9102622783483,33.410119409204,42.5868086328102
2023-01-30,39.1980694671841,54.9046199522267,70.7853453297726,23.5188416803105,32.942771971336,42.4712071978636
2023-01-31,38.2535549055951,54.0625340351519,69.8695817009807,22.952132943357,32.4375204210912,41.9217490205884
2023-02-01,37.3883320614322,53.455010872264,69.4427225639768,22.4329992368593,32.0730065233584,41.6656335383861
2023-02-02,37.5186528810586,53.0379577388225,69.1413852604802,22.5111917286352,31.8227746432935,41.4848311562881
2023-02-03,36.9745594536166,52.6379908741163,68.1052008120294,22.18473567217,31.5827945244698,40.8631204872176
2023-02-04,36.2434380285641,51.7094104746179,67.8160738031835,21.7460628171384,31.0256462847707,40.6896442819101
2023-02-05,36.1717253240284,51.4526209275089,67.3273322783703,21.703035194417,30.8715725565053,40.3963993670222
2023-02-06,35.3468900857233,50.8157972927312,66.5682006961411,21.208134051434,30.4894783756387,39.9409204176847
2023-02-07,35.1097321257179,50.7924428611144,66.7317294541423,21.0658392754307,30.4754657166686,40.0390376724854
2023-02-08,34.1701290973267,50.2898881100016,65.9735421999007,20.502077458396,30.1739328660009,39.5841253199404
2023-02-09,33.7713095590672,49.9294906779678,65.7963304823451,20.2627857354403,29.9576944067807,39.4777982894071
2023-02-10,34.5474502432571,49.5049101496623,65.3058095792522,20.7284701459542,29.7029460897974,39.1834857475513
2023-02-11,33.3361859148058,49.525068019897,65.6051413750572,20.0017115488835,29.7150408119382,39.3630848250343
2023-02-12,33.4060730055669,48.9251490659423,64.3629016323645,20.0436438033401,29.3550894395654,38.6177409794187
2023-02-13,32.6519556009316,48.8873267859317,63.9855631145563,19.591173360559,29.332396071559,38.3913378687338
2023-02-14,33.2249073927884,48.4846035409314,64.7299697052885,19.9349444356731,29.0907621245588,38.8379818231731
2023-02-15,32.3739551691123,48.5004096155956,64.3167421254895,19.4243731014674,29.1002457693573,38.5900452752937
2023-02-16,32.1563334016573,47.5603758007956,63.8799921798484,19.2938000409944,28.5362254804774,38.327995307909
2023-02-17,31.4736800243284,48.0931920112933,63.4046694876316,18.8842080145971,28.855915206776,38.042801692579
2023-02-18,31.3788729235605,47.4406480392581,63.371893484048,18.8273237541363,28.4643888235549,38.0231360904288
2023-02-19,32.3439659785024,47.7443289896788,63.9272225233832,19.4063795871014,28.6465973938073,38.3563335140299
2023-02-20,32.2819789977027,47.2145162105903,63.2827498957182,19.3691873986216,28.3287097263542,37.9696499374309
2023-02-21,31.7006542038824,47.2310479523549,62.9202305310014,19.0203925223295,28.3386287714129,37.7521383186008
2023-02-22,31.1687962464357,47.0717166953005,62.5333854251745,18.7012777478614,28.2430300171803,37.5200312551047
2023-02-23,31.5667606136818,46.8731689155712,62.5584703659194,18.9400563682091,28.1239013493427,37.5350822195516
2023-02-24,31.1596210883114,46.9189854814368,62.7850450943605,18.6957726529869,28.1513912888621,37.6710270566163
2023-02-25,31.0498180262915,46.9015947233281,62.9089897687947,18.6298908157749,28.1409568339969,37.7453938612768
2023-02-26,31.2129657279442,46.9143195936853,62.55392358083,18.7277794367665,28.1485917562112,37.532354148498
2023-02-27,30.6930247366908,46.758052473568,62.3647654853593,18.4158148420145,28.0548314841408,37.4188592912156
2023-02-28,31.2282515324441,46.7282976038642,63.0759801289672,18.7369509194664,28.0369785623185,37.8455880773803
2023-03-01,31.12797663568,46.9683619916668,63.2227594772769,18.676785981408,28.1810171950001,37.9336556863661
2023-03-02,30.932633732813,47.299924445957,62.9860955597916,18.5595802396878,28.3799546675742,37.791657335875
2023-03-03,31.4712977192408,46.9859312427752,62.8864787390445,18.8827786315445,28.1915587456651,37.7318872434267
2023-03-04,31.3154131885342,47.1378003882128,62.9058969236975,18.7892479131205,28.2826802329277,37.7435381542185
2023-03-05,31.4982198723549,47.2295134254011,62.8143596673656,18.8989319234129,28.3377080552407,37.6886158004193
2023-03-06,31.2144397078455,47.0668801079106,63.0150803635047,18.7286638247073,28.2401280647464,37.8090482181028
2023-03-07,31.7635026599378,47.0074374153743,63.432485521716,19.0581015959627,28.2044624492246,38.0594913130296
2023-03-08,31.3729852174855,47.0192462081772,62.4540354962115,18.8237911304913,28.2115477249063,37.4724212977269
2023-03-09,31.6623216329417,47.2797596962078,62.8507206479178,18.997392979765,28.3678558177247,37.7104323887507
2023-03-10,31.7868045450239,47.642263723592,62.6555205814486,19.0720827270143,28.5853582341552,37.5933123488692
2023-03-11,31.420431731666,47.1605531569434,63.168992729276,18.8522590389996,28.296331894166,37.9013956375656
2023-03-12,31.6845196064176,47.2938246228378,62.3276167890875,19.0107117638506,28.3762947737027,37.3965700734525
2023-03-13,30.9003466685971,47.1293386096876,62.7713400701141,18.5402080011582,28.2776031658125,37.6628040420684
2023-03-14,31.4810126002994,47.1739236587068,62.9191920887727,18.8886075601796,28.3043541952241,37.7515152532636
2023-03-15,31.0831197145732,46.6091019336172,62.4188361852323,18.6498718287439,27.9654611601703,37.4513017111394
2023-03-16,30.6236156077319,46.1823980929952,62.1697884523199,18.3741693646391,27.7094388557971,37.301873071392
2023-03-17,30.2044491437069,46.3865971512607,61.2908171068038,18.1226694862242,27.8319582907564,36.7744902640823
2023-03-18,29.700052146543,45.6594954634582,61.4236602914094,17.8200312879258,27.3956972780749,36.8541961748456
2023-03-19,29.6258014991011,45.7452288652736,61.2856341715223,17.7754808994606,27.4471373191641,36.7713805029133
2023-03-20,29.5202647624632,45.310241856585,61.0190429510883,17.7121588574779,27.186145113951,36.611425770653
2023-03-21,28.8676560968124,44.4591572522592,60.7479589925388,17.3205936580874,26.6754943513555,36.4487753955233
2023-03-22,28.2610653610862,44.4458212823478,59.6573044262023,16.9566392166517,26.6674927694087,35.7943826557214
2023-03-23,28.2087699579152,43.6675763508811,59.7753661547214,16.9252619747491,26.2005458105286,35.8652196928328
2023-03-24,27.9779733996251,43.4067288359012,58.6047551082564,16.7867840397751,26.0440373015407,35.1628530649539
2023-03-25,27.4405638088442,43.4250154783904,58.5237166881551,16.4643382853065,26.0550092870343,35.1142300128931
2023-03-26,26.7787106001085,42.9336952904953,58.6321240214969,16.0672263600651,25.7602171742972,35.1792744128982
2023-03-27,26.3807196836367,42.3745298436098,57.9420288974726,15.828431810182,25.4247179061659,34.7652173384836
2023-03-28,26.8450409467466,42.3188837906833,57.3088198919868,16.107024568048,25.39133027441,34.3852919351921
2023-03-29,25.6707554668152,41.6590527287406,57.5419392645684,15.4024532800891,24.9954316372443,34.525163558741
2023-03-30,25.7600269006535,41.3705471177066,56.5272137689741,15.4560161403921,24.822328270624,33.9163282613845
2023-03-31,24.8599359065349,40.896827366554,57.0449991592811,14.9159615439209,24.5380964199324,34.2269994955686
2023-04-01,24.920369565478,40.3777065582284,55.6621045386939,14.9522217392868,24.2266239349371,33.3972627232163
2023-04-02,24.7887343073237,40.6147049079461,56.1880185336112,14.8732405843942,24.3688229447677,33.7128111201667
2023-04-03,24.4897525677872,40.0658037173184,55.5065298990198,14.6938515406723,24.039482230391,33.3039179394119
2023-04-04,24.3302618380866,39.8871157054908,55.7242032707902,14.598157102852,23.9322694232945,33.4345219624741
2023-04-05,23.5215031752161,39.6753473443391,55.0969417642509,14.1129019051297,23.8052084066035,33.0581650585505
2023-04-06,23.5275181112177,39.4947409752482,54.9532551728517,14.1165108667306,23.6968445851489,32.971953103711
2023-04-07,23.1948828613724,38.9917101309369,54.8402255412538,13.9169297168235,23.3950260785621,32.9041353247523
2023-04-08,22.7679017159464,38.8396632456906,54.2878794438564,13.6607410295678,23.3037979474144,32.5727276663138
2023-04-09,22.5972377527778,38.8163073639473,54.3344743222937,13.5583426516667,23.2897844183684,32.6006845933762
2023-04-10,22.7703054091454,38.4421711729151,54.0560212756421,13.6621832454872,23.0653027037491,32.4336127653852
2023-04-11,22.0614362889792,37.9354800264892,54.596479937469,13.2368617733875,22.7612880158935,32.7578879624814
2023-04-12,22.434652877685,38.2028232301601,53.4717672442935,13.460791726611,22.9216939380961,32.0830603465761
2023-04-13,22.2093622246357,38.2501334087984,53.7257627226978,13.3256173347814,22.9500800452791,32.2354576336187
2023-04-14,22.8615477067318,38.0123085028696,53.7782733554884,13.7169286240391,22.8073851017218,32.2669640132931
2023-04-15,22.4410356546215,37.8536381721507,53.4722606883082,13.4646213927729,22.7121829032904,32.0833564129849
2023-04-16,21.3560997281817,37.3176694070514,53.3281950370086,12.813659836909,22.3906016442309,31.9969170222052
2023-04-17,22.2311004227399,37.5280503754175,53.0361733959796,13.3386602536439,22.5168302252505,31.8217040375877
2023-04-18,21.8496879084068,37.6977819132694,53.5171570050938,13.1098127450441,22.6186691479616,32.1102942030563
2023-04-19,21.6956617982509,37.5075335126919,53.0154822171984,13.0173970789506,22.5045201076151,31.8092893303191
2023-04-20,21.6125890461068,37.194197825711,52.9864849909478,12.9675534276641,22.3165186954266,31.7918909945687
2023-04-21,21.4416545885634,37.2178997351601,52.9983714803359,12.8649927531381,22.3307398410961,31.7990228882015
2023-04-22,21.7134267694444,37.5614402072201,53.95036845483,13.0280560616666,22.5368641243321,32.370221072898
2023-04-23,21.7251549996675,37.3764577833628,53.5920276618862,13.0350929998005,22.4258746700177,32.1552165971317
2023-04-24,21.5509830220165,37.3450386479121,53.2895553624588,12.9305898132099,22.4070231887472,31.9737332174753
2023-04-25,21.1313953285273,37.4523459340652,53.4575992026467,12.6788371971164,22.4714075604391,32.074559521588
2023-04-26,21.733168366983,37.6638131002257,53.2908315761414,13.0399010201898,22.5982878601354,31.9744989456849
2023-04-27,21.8846645463565,37.7725211295825,53.517675501441,13.1307987278139,22.6635126777495,32.1106053008646
2023-04-28,21.7153923649808,37.6018309932298,53.3518779448072,13.0292354189885,22.5610985959379,32.0111267668843
2023-04-29,22.6985572764218,37.9422631657349,53.6844990150441,13.6191343658531,22.7653578994409,32.2106994090264
2023-04-30,22.7170186748866,37.8924815277906,53.9518393702675,13.630211204932,22.7354889166744,32.3711036221605
2023-05-01,22.1419159279456,38.0361771655489,53.6211206404614,13.2851495567674,22.8217062993293,32.1726723842768
2023-05-02,22.0022840417142,38.563029480841,54.2409594921216,13.2013704250285,23.1378176885046,32.544575695273
2023-05-03,23.1225135746134,38.9336918691566,54.1847930429598,13.873508144768,23.3602151214939,32.5108758257759
2023-05-04,22.4762926929329,38.6240537984432,54.2948502843943,13.4857756157597,23.1744322790659,32.5769101706366
2023-05-05,22.6180543923797,38.7431598823668,55.1557407707632,13.5708326354278,23.2458959294201,33.0934444624579
2023-05-06,22.7818425907021,38.9562252104599,55.3265359804047,13.6691055544213,23.3737351262759,33.1959215882428
2023-05-07,23.1403819288443,39.1935625708085,54.9163348801463,13.8842291573066,23.5161375424851,32.9498009280878
2023-05-08,24.3483813888088,39.3872355674863,55.05216866084,14.6090288332853,23.6323413404918,33.031301196504
2023-05-09,23.6830681318725,39.5882547405629,55.6360875264656,14.2098408791235,23.7529528443377,33.3816525158793
2023-05-10,24.0390207416022,39.90473123839,55.3671507869293,14.4234124449613,23.942838743034,33.2202904721576
2023-05-11,24.2041447865967,39.8823018492803,55.9240280961067,14.522486871958,23.9293811095682,33.554416857664
2023-05-12,24.0819697169324,40.0468965638706,55.3475160018132,14.4491818301595,24.0281379383224,33.2085096010879
2023-05-13,24.0742841217795,39.934277512414,55.5700970013823,14.4445704730677,23.9605665074484,33.3420582008294
2023-05-14,23.9623418872587,39.6338168154839,55.3528425940143,14.3774051323552,23.7802900892903,33.2117055564086
2023-05-15,23.8685958899104,39.5467647496634,55.2654543016646,14.3211575339462,23.728058849798,33.1592725809988
2023-05-16,23.3730285633816,39.5181231884024,54.7722304148742,14.0238171380289,23.7108739130414,32.8633382489245
2023-05-17,23.1856569894642,39.0825591295709,54.6915345163231,13.9113941936785,23.4495354777425,32.8149207097938
2023-05-18,23.607313146492,38.9560797199156,54.6078017540187,14.1643878878952,23.3736478319494,32.7646810524112
2023-05-19,23.4165324201171,38.6715069239839,54.1703876127968,14.0499194520702,23.2029041543904,32.5022325676781
2023-05-20,22.1865381653854,37.9741096776644,53.5668845576948,13.3119228992312,22.7844658065986,32.1401307346169
2023-05-21,21.8800068201993,37.7039882203019,53.6159771389346,13.1280040921196,22.6223929321811,32.1695862833608
2023-05-22,21.2985323137835,37.3105860975297,53.2497655709576,12.7791193882701,22.3863516585178,31.9498593425745
2023-05-23,21.6932226348408,36.9759873895918,52.3903609575774,13.0159335809045,22.1855924337551,31.4342165745465
2023-05-24,20.5543271976513,36.4400038787824,52.683461822147,12.3325963185908,21.8640023272694,31.6100770932882
2023-05-25,20.3831050338974,36.6100401650398,51.5659778316696,12.2298630203384,21.9660240990239,30.9395866990017
2023-05-26,20.1147438599225,35.6159512781865,51.6776423439298,12.0688463159535,21.3695707669119,31.0065854063579
2023-05-27,19.4370204179123,35.4082314916555,50.8985240916778,11.6622122507474,21.2449388949933,30.5391144550067
2023-05-28,19.4558819515055,34.857538684666,50.8855354315767,11.6735291709033,20.9145232107996,30.531321258946
2023-05-29,19.1179747561101,34.4217435390197,50.3526187165716,11.470784853666,20.6530461234118,30.211571229943
2023-05-30,18.7117963340583,34.276764334198,49.4726129552669,11.227077800435,20.5660586005188,29.6835677731602
2023-05-31,18.0703006901526,33.8391332088245,49.7551278624554,10.8421804140916,20.3034799252947,29.8530767174732
2023-06-01,17.6786621372861,33.5140704517722,49.7525651483904,10.6071972823717,20.1084422710633,29.8515390890343
2023-06-02,17.5137117124827,33.5988950992735,49.2550349465556,10.5082270274896,20.1593370595641,29.5530209679333
2023-06-03,17.4724037659396,32.993414641563,48.4678466491099,10.4834422595638,19.7960487849378,29.0807079894659
2023-06-04,17.1741999396041,32.6470726878905,48.2764114624626,10.3045199637625,19.5882436127343,28.9658468774775
2023-06-05,16.5938084945981,32.3214011999158,47.9086784798516,9.95628509675886,19.3928407199495,28.7452070879109
2023-06-06,16.1668881267466,31.9476994184005,47.6495268329276,9.70013287604798,19.1686196510403,28.5897160997566
2023-06-07,16.2071167471461,31.7721866201008,47.55795254771,9.72427004828763,19.0633119720605,28.534771528626
2023-06-08,15.461248012205,31.2014337792956,46.8210984807475,9.27674880732301,18.7208602675773,28.0926590884485
2023-06-09,15.843525088055,31.0984477451613,46.5964244920088,9.50611505283299,18.6590686470968,27.9578546952053
2023-06-10,14.9923240818435,31.1723511175097,47.1029424161188,8.99539444910607,18.7034106705058,28.2617654496713
2023-06-11,15.6177230024573,31.3057469116116,46.8309457940659,9.37063380147437,18.7834481469669,28.0985674764395
2023-06-12,14.9627485136204,30.7228777004126,46.4184789024028,8.97764910817226,18.4337266202476,27.8510873414417
2023-06-13,14.6195254470183,30.3301780956665,46.3814237411956,8.77171526821097,18.1981068573999,27.8288542447174
2023-06-14,14.5207580026578,30.5806887166223,46.910770793209,8.71245480159466,18.3484132299734,28.1464624759254
2023-06-15,13.3141008617657,29.7072145861841,45.9226580976482,7.9884605170594,17.8243287517105,27.5535948585889
2023-06-16,13.8020531655159,30.220945567554,45.9474223766439,8.28123189930952,18.1325673405324,27.5684534259863
2023-06-17,14.0813267729923,29.8673211084948,45.7863242841733,8.44879606379536,17.9203926650969,27.471794570504
2023-06-18,13.8767424171258,29.7660753414408,45.4849627394691,8.32604545027549,17.8596452048645,27.2909776436815
2023-06-19,13.8621134578255,29.7845502170312,45.2330284168575,8.3172680746953,17.8707301302187,27.1398170501145
2023-06-20,13.6555009672696,29.5217747780617,44.9075514421097,8.19330058036178,17.713064866837,26.9445308652658
2023-06-21,14.3704373956509,29.5389673515761,44.9528820251774,8.62226243739053,17.7233804109457,26.9717292151065
2023-06-22,13.3953664703582,29.4313506144394,44.5375536033175,8.03721988221491,17.6588103686637,26.7225321619905
2023-06-23,13.387502083425,29.1634316041198,45.4211030390847,8.032501250055,17.4980589624719,27.2526618234508
2023-06-24,13.5509849555991,29.5138091038069,45.6940013617678,8.13059097335947,17.7082854622842,27.4164008170607
2023-06-25,13.4973190332082,29.1782685664632,45.1094262602193,8.09839141992491,17.5069611398779,27.0656557561316
2023-06-26,13.3346477675189,29.1141517748277,45.0359617281345,8.00078866051133,17.4684910648966,27.0215770368807
2023-06-27,13.28795078649,29.4924399841967,44.8494527078746,7.97277047189401,17.695463990518,26.9096716247247
2023-06-28,13.7175739017787,29.591191061551,45.3419945232477,8.23054434106723,17.7547146369306,27.2051967139486
2023-06-29,13.6107570281371,29.8791443435922,45.2781659720182,8.16645421688228,17.9274866061553,27.1668995832109
2023-06-30,13.7320163916958,29.8041557815639,45.3973678331325,8.23920983501748,17.8824934689383,27.2384206998795
2023-07-01,13.4401368065581,29.6068380902369,45.2408234934618,8.06408208393483,17.7641028541421,27.1444940960771
2023-07-02,13.4142723666654,29.6419727105284,45.3884352492593,8.04856341999922,17.785183626317,27.2330611495556
2023-07-03,14.1931527898955,30.1037707237154,45.5760354609963,8.51589167393729,18.0622624342293,27.3456212765978
2023-07-04,14.0477159906722,30.1060604083023,45.9847677588951,8.42862959440331,18.0636362449814,27.5908606553371
2023-07-05,14.6834876369623,30.061967930086,45.4888682004814,8.81009258217736,18.0371807580516,27.2933209202888
2023-07-06,14.3661343963885,30.0991370266052,46.201900824812,8.61968063783308,18.0594822159631,27.7211404948872
2023-07-07,15.4393781118437,30.4906469295893,46.0334954907438,9.26362686710622,18.2943881577536,27.6200972944462
2023-07-08,14.6837784943496,30.5611117545891,46.3557364223899,8.81026709660978,18.3366670527534,27.8134418534339
2023-07-09,14.6204656458387,30.801534422987,46.1130141139717,8.77227938750323,18.4809206537922,27.667808468383
2023-07-10,14.5648155602698,30.6022382424099,47.3033269589128,8.73888933616186,18.361342945446,28.3819961753477
2023-07-11,15.0383310337545,30.8107985545707,46.6080128901677,9.02299862025269,18.4864791327424,27.9648077341006
2023-07-12,15.5657575033138,31.3851996651899,47.2160605367479,9.33945450198829,18.8311197991139,28.3296363220488
2023-07-13,15.8628032247014,31.44059831727,46.9542996252503,9.51768193482081,18.864358990362,28.1725797751501
2023-07-14,16.082243042617,31.6614528637665,47.7232451566338,9.6493458255702,18.9968717182599,28.6339470939803
2023-07-15,16.5585917351544,31.882451509892,47.6951991340152,9.93515504109266,19.1294709059352,28.6171194804091
2023-07-16,16.4478353538468,32.3825149665644,48.0885412448611,9.86870121230805,19.4295089799387,28.8531247469166
2023-07-17,17.3910720714224,32.6364248648928,48.6971247303612,10.4346432428534,19.5818549189357,29.2182748382167
2023-07-18,16.8889575611891,32.7836031617932,49.2791707511109,10.1333745367135,19.6701618970759,29.5675024506666
2023-07-19,17.0770810117756,33.4080718474387,48.9951091077406,10.2462486070654,20.0448431084632,29.3970654646443
2023-07-20,17.4418343560907,33.9294132821642,49.3360522131175,10.4651006136544,20.3576479692985,29.6016313278705
2023-07-21,18.1100219332932,33.8520483692637,49.8222118854576,10.8660131599759,20.3112290215582,29.8933271312746
2023-07-22,18.1544287569468,34.2454792447916,49.7327153965353,10.8926572541681,20.547287546875,29.8396292379212
2023-07-23,19.0148390442099,34.3863944884677,50.4936627512768,11.4089034265259,20.6318366930806,30.2961976507661
2023-07-24,18.8935302637866,34.7537535270264,51.4832597249233,11.336118158272,20.8522521162159,30.889955834954
2023-07-25,19.6796972558558,35.4033896345404,51.0627827747315,11.8078183535135,21.2420337807242,30.6376696648389
2023-07-26,20.6573111065883,36.2436104050549,52.4188551445696,12.394386663953,21.7461662430329,31.4513130867417
2023-07-27,20.0454887643353,36.3781327028841,51.9602225941978,12.0272932586012,21.8268796217304,31.1761335565187
2023-07-28,20.6002614572972,36.544778919259,52.5117643144117,12.3601568743783,21.9268673515554,31.507058588647
2023-07-29,21.142905368633,37.3366270988914,53.3744474929419,12.6857432211798,22.4019762593349,32.0246684957651
2023-07-30,21.7341162078563,37.8629756076617,53.6247136947184,13.0404697247138,22.717785364597,32.1748282168311
2023-07-31,22.1526768377506,37.9300089950738,54.1898919300598,13.2916061026504,22.7580053970443,32.5139351580359
2023-08-01,22.5292281097934,38.2722764245813,54.7984056703852,13.517536865876,22.9633658547488,32.8790434022311
2023-08-02,23.3079500428984,38.9535367999856,55.1365724953306,13.984770025739,23.3721220799914,33.0819434971984
2023-08-03,23.1667480074181,39.6455624520593,54.7139400438439,13.9000488044508,23.7873374712356,32.8283640263063
2023-08-04,23.6628989866864,40.0100787935405,56.1000214653203,14.1977393920118,24.0060472761243,33.6600128791922
2023-08-05,24.4627343992551,40.6734571754205,56.9437315040256,14.677640639553,24.4040743052523,34.1662389024153
2023-08-06,25.9231193868967,41.1850714018686,57.0853588118977,15.553871632138,24.7110428411212,34.2512152871386
2023-08-07,25.9204297905315,41.7685432281313,57.6381257626124,15.5522578743189,25.0611259368788,34.5828754575674
2023-08-08,26.4850194215532,42.4963104837548,58.0711732331548,15.8910116529319,25.4977862902529,34.8427039398929
2023-08-09,27.1214375935491,42.9598786145914,58.693281044208,16.2728625561295,25.7759271687548,35.2159686265248
2023-08-10,27.5229063087256,43.467685525869,59.1643211746912,16.5137437852353,26.0806113155214,35.4985927048147
2023-08-11,28.1277174289818,44.1279681079097,60.3280333626447,16.8766304573891,26.4767808647458,36.1968200175868
2023-08-12,28.5515778497016,44.8608693246653,60.7526658490357,17.130946709821,26.9165215947992,36.4515995094214
2023-08-13,29.1092684387543,45.1670473552789,61.1356877016678,17.4655610632526,27.1002284131674,36.6814126210007
2023-08-14,29.5258508947934,45.5459372426418,61.4162143603886,17.715510536876,27.3275623455851,36.8497286162332
2023-08-15,31.1046807819111,46.3580371810011,62.4007728553661,18.6628084691467,27.8148223086007,37.4404637132197
2023-08-16,31.1151176871847,46.7873161197863,62.9875827816134,18.6690706123108,28.0723896718718,37.792549668968
2023-08-17,32.0003107310912,47.4221139303183,63.5492237332815,19.2001864386547,28.453268358191,38.1295342399689
2023-08-18,32.0393778322017,47.9785879561126,64.1618073120173,19.223626699321,28.7871527736676,38.4970843872103
2023-08-19,32.6913292112551,48.7748348112546,64.4639112894792,19.614797526753,29.2649008867527,38.6783467736875
2023-08-20,33.3167317960956,49.9998003551077,65.4199907737838,19.9900390776574,29.9998802130646,39.2519944642703
2023-08-21,34.5763409866623,50.3184232906668,66.6340758630538,20.7458045919974,30.1910539744001,39.9804455178323
2023-08-22,35.3296109697645,50.9473776249162,66.6655030788733,21.1977665818587,30.5684265749497,39.999301847324
2023-08-23,35.6161811844688,51.5781526330489,67.4247261339271,21.3697087106813,30.9468915798293,40.4548356803562
2023-08-24,36.6772566811887,52.0839244528406,67.8479332732709,22.0063540087132,31.2503546717043,40.7087599639625
2023-08-25,36.8984847254786,52.6125149356263,68.5570980379774,22.1390908352872,31.5675089613758,41.1342588227864
2023-08-26,37.1951296564888,53.1411303274945,68.9642003419053,22.3170777938933,31.8846781964967,41.3785202051432
2023-08-27,37.8505722296192,54.1330303193829,69.5876752179333,22.7103433377715,32.4798181916298,41.75260513076
2023-08-28,38.7205897113807,54.2811578629954,70.222513534768,23.2323538268284,32.5686947177972,42.1335081208608
2023-08-29,39.1182269835171,54.9884138946345,70.7473054964731,23.4709361901102,32.9930483367807,42.4483832978839
2023-08-30,39.7680580107508,55.1564205340743,71.2564639673698,23.8608348064505,33.0938523204446,42.7538783804219
2023-08-31,39.8507226732685,56.092398035077,72.365091065167,23.9104336039611,33.6554388210462,43.4190546391002
2023-09-01,41.353475001584,57.155697733609,73.1555531477828,24.8120850009504,34.2934186401654,43.8933318886697
2023-09-02,41.7902445915212,57.7179208723568,73.2303297222962,25.0741467549127,34.6307525234141,43.9381978333777
2023-09-03,42.4005885012008,57.7261725681713,73.7385068818671,25.4403531007205,34.6357035409028,44.2431041291203
2023-09-04,42.1400178971728,58.3684796815626,73.2444094629107,25.2840107383037,35.0210878089375,43.9466456777464
2023-09-05,43.5510441850352,58.9480781117624,74.2502448685627,26.1306265110211,35.3688468670574,44.5501469211376
2023-09-06,43.2940400537954,59.2341201917161,75.4045675071248,25.9764240322772,35.5404721150297,45.2427405042749
2023-09-07,43.8687735497028,59.8619797645276,75.3533486986472,26.3212641298217,35.9171878587166,45.2120092191883
2023-09-08,44.7355260603079,60.0810166558502,75.9183230101924,26.8413156361847,36.0486099935101,45.5509938061155
2023-09-09,44.8402218158542,60.4548134653719,76.3201816374068,26.9041330895125,36.2728880792231,45.792108982444
2023-09-10,44.8360979068398,60.8252723170179,75.9014351437517,26.9016587441039,36.4951633902107,45.540861086251
2023-09-11,44.5230750262586,60.523767060158,76.4002861597096,26.7138450157551,36.3142602360948,45.8401716958258
2023-09-12,44.5658425975704,60.091799590305,76.0189699736885,26.7395055585423,36.055079754183,45.6113819842131
2023-09-13,43.8403685323952,59.9128895003274,75.8813824532546,26.3042211194371,35.9477337001964,45.5288294719527
2023-09-14,43.6511082862851,59.3517171850994,75.1427105021774,26.1906649717711,35.6110303110596,45.0856263013064
2023-09-15,42.5700850165209,58.2703551737102,74.1352334065007,25.5420510099125,34.9622131042261,44.4811400439004
2023-09-16,41.6667817139162,57.6980586160341,73.342997060966,25.0000690283497,34.6188351696205,44.0057982365796
2023-09-17,40.8386564982278,56.8607988674142,72.7670609547648,24.5031938989367,34.1164793204485,43.6602365728589
2023-09-18,39.8868326444314,55.806611510689,71.5675974673244,23.9320995866588,33.4839669064134,42.9405584803946
2023-09-19,38.973790598703,54.5911786733355,70.6806940066063,23.3842743592218,32.7547072040013,42.4084164039638
2023-09-20,37.1551623531708,53.2270388773434,69.0977605830745,22.2930974119025,31.9362233264061,41.4586563498447
2023-09-21,36.6312194252327,52.4818963808646,67.9365016183416,21.9787316551396,31.4891378285187,40.761900971005
2023-09-22,35.1524638155673,50.8163029773438,66.9143119104321,21.0914782893404,30.4897817864063,40.1485871462592
2023-09-23,33.7004615770595,50.0621640038142,65.8949284154092,20.2202769462357,30.0372984022885,39.5369570492455
2023-09-24,32.6835927202473,48.3189249974635,64.1715259057809,19.6101556321484,28.9913549984781,38.5029155434685
2023-09-25,31.5358036606061,47.304395952005,63.8842221746942,18.9214821963636,28.382637571203,38.3305333048165
2023-09-26,29.7357547183152,45.9916228424495,61.4168556804919,17.8414528309891,27.5949737054697,36.8501134082952
2023-09-27,29.0154256378587,44.8781240013878,60.7450633892263,17.4092553827152,26.9268744008327,36.4470380335358
2023-09-28,27.3645513692619,43.36935104187,59.3613180869212,16.4187308215572,26.021610625122,35.6167908521527
2023-09-29,26.3842599426068,42.2741657009791,57.5412846472493,15.8305559655641,25.3644994205875,34.5247707883496
2023-09-30,25.4236985611327,41.3671872575875,57.1504049890316,15.2542191366796,24.8203123545525,34.290242993419
2023-10-01,23.9517976765666,39.8093971894501,56.4327480379689,14.37107860594,23.8856383136701,33.8596488227813
2023-10-02,22.6291064942207,38.6806931012722,55.1081547400569,13.5774638965324,23.2084158607633,33.0648928440342
2023-10-03,22.3859772693354,38.1597923003244,53.8851847230052,13.4315863616012,22.8958753801946,32.3311108338031
2023-10-04,21.1771807496467,36.8241762766858,53.1946467730217,12.706308449788,22.0945057660115,31.916788063813
2023-10-05,19.4360592844845,35.3955957619926,51.3250435128541,11.6616355706907,21.2373574571956,30.7950261077125
2023-10-06,17.5855607096757,34.499430217543,51.0108187834498,10.5513364258054,20.6996581305258,30.6064912700699
2023-10-07,17.6086681544389,33.6539039583888,49.9538872438111,10.5652008926633,20.1923423750333,29.9723323462867
2023-10-08,16.3337187562261,32.5513675494994,48.6940452656403,9.80023125373568,19.5308205296997,29.2164271593842
2023-10-09,15.2624530369575,31.603039516474,47.330051916728,9.15747182217451,18.9618237098844,28.3980311500368
2023-10-10,14.7049288111249,30.8130340610375,47.0193238771859,8.82295728667496,18.4878204366225,28.2115943263115
2023-10-11,14.0155809409419,30.0868288922805,46.504871451476,8.40934856456512,18.0520973353683,27.9029228708856
2023-10-12,12.9255914934732,29.3041529289517,45.707090575712,7.7553548960839,17.582491757371,27.4242543454272
2023-10-13,12.0368575423802,28.2012990208128,44.7630052175333,7.22211452542814,16.9207794124877,26.85780313052
2023-10-14,11.5139641646209,27.4340266942029,43.7766956740725,6.90837849877256,16.4604160165217,26.2660174044435
2023-10-15,9.222585228028,26.2831281976594,43.3526732234557,5.5335511368168,15.7698769185956,26.0116039340734
2023-10-16,9.96410947655614,26.2944240881741,41.9589562583503,5.97846568593368,15.7766544529045,25.1753737550102
2023-10-17,9.14991117417611,25.2560717700793,41.9709364954954,5.48994670450566,15.1536430620476,25.1825618972973
2023-10-18,8.30349914378577,24.8196202207614,41.4161342667583,4.98209948627146,14.8917721324569,24.849680560055
2023-10-19,8.29706980242054,24.444331248923,41.0565403273863,4.97824188145233,14.6665987493538,24.6339241964318
2023-10-20,7.83534331288639,23.5858560598792,39.7804267070601,4.70120598773184,14.1515136359275,23.8682560242361
2023-10-21,7.16764740697124,23.2331250389972,39.593022193935,4.30058844418274,13.9398750233983,23.755813316361
2023-10-22,6.05637423657399,22.2384068656733,38.9780630959624,3.63382454194439,13.343044119404,23.3868378575775
2023-10-23,5.17761324666272,21.8953237484038,38.2800811539397,3.10656794799763,13.1371942490423,22.9680486923638
2023-10-24,5.46067188139775,21.3717152483962,38.2586135186157,3.27640312883865,12.8230291490377,22.9551681111694
2023-10-25,4.11960566987588,21.0637028569941,37.6934311419243,2.47176340192553,12.6382217141964,22.6160586851546
2023-10-26,4.56314538635643,20.5599606826995,37.4697905498776,2.73788723181386,12.3359764096197,22.4818743299266
2023-10-27,3.16793346408412,20.2285557479795,37.3274814519454,1.90076007845047,12.1371334487877,22.3964888711672
2023-10-28,2.8040919251146,19.5760020064882,36.5821031552382,1.68245515506876,11.7456012038929,21.9492618931429
2023-10-29,2.26305493333237,19.0474044387905,36.6689647762738,1.35783295999942,11.4284426632743,22.0013788657643
2023-10-30,1.13941569652254,18.8139145340518,36.9816946487161,0.683649417913525,11.2883487204311,22.1890167892296
2023-10-31,1.31012541034613,19.0093830622477,36.4112921197687,0.786075246207679,11.4056298373486,21.8467752718612
2023-11-01,1.0514501143255,18.3895619245065,36.3215175672844,0.630870068595298,11.0337371547039,21.7929105403707
2023-11-02,0.15145396069066,18.0930071140292,36.1547532571215,0.0908723764143958,10.8558042684175,21.6928519542729
2023-11-03,0.740069816702281,17.7049832115453,37.2171911064022,0.444041890021368,10.6229899269272,22.3303146638413
2023-11-04,0,17.8931693471581,36.1914015892571,0,10.7359016082949,21.7148409535543
2023-11-05,0,17.2732964920431,36.4449190051401,0,10.3639778952258,21.8669514030841
2023-11-06,0,17.1281856090378,36.4887912057001,0,10.2769113654227,21.8932747234201
2023-11-07,0,16.4521563022129,35.9107996104618,0,9.87129378132774,21.5464797662771
2023-11-08,0,16.5254596987266,36.9418900367684,0,9.91527581923596,22.165134022061
2023-11-09,0,16.5860278460612,36.8304966067195,0,9.95161670763669,22.0982979640317
2023-11-10,0,16.5159985413082,36.8061818917576,0,9.90959912478491,22.0837091350545
2023-11-11,0,16.1630126946312,37.922551437986,0,9.69780761677874,22.7535308627916
2023-11-12,0,15.8544825955468,38.0557442478215,0,9.5126895573281,22.8334465486929
2023-11-13,0,15.8391804523627,37.9454015907025,0,9.50350827141761,22.7672409544215
2023-11-14,0,15.827189891587,38.5874402275326,0,9.49631393495222,23.1524641365196
2023-11-15,0,15.8080198497065,37.9717861388995,0,9.4848119098239,22.7830716833397
2023-11-16,0,15.4334775839336,39.1505753076828,0,9.26008655036018,23.4903451846097
2023-11-17,0,15.4204423395834,39.7163616915268,0,9.25226540375004,23.8298170149161
2023-11-18,0,15.4834021864098,39.9474498607778,0,9.29004131184586,23.9684699164667
2023-11-19,0,15.3244570276307,39.720875978883,0,9.19467421657839,23.8325255873298
2023-11-20,0,14.948003849151,40.7445995359101,0,8.96880230949062,24.4467597215461
2023-11-21,0,14.5983187506289,40.9640309690251,0,8.75899125037734,24.5784185814151
2023-11-22,0,14.9189497268603,42.1278332921617,0,8.95136983611618,25.276699975297
2023-11-23,0,15.0801892236185,42.1700624532457,0,9.04811353417108,25.3020374719474
2023-11-24,0,14.9865000139221,42.892752109012,0,8.99190000835323,25.7356512654072
2023-11-25,0,14.5570000866736,42.5543841287265,0,8.73420005200417,25.5326304772359
2023-11-26,0,15.0843989504265,43.7106398898095,0,9.05063937025591,26.2263839338857
2023-11-27,0,15.1561356634966,44.2294271272705,0,9.09368139809795,26.5376562763623
2023-11-28,0,14.8128389057392,44.5184393038133,0,8.88770334344351,26.711063582288
2023-11-29,0,14.5067840855262,45.5156092359921,0,8.70407045131573,27.3093655415953
2023-11-30,0,14.8762674113228,46.6647861150655,0,8.92576044679369,27.9988716690393
2023-12-01,0,14.983396449977,47.2496920293532,0,8.99003786998622,28.3498152176119
2023-12-02,0,14.6470642596024,48.2596213252117,0,8.78823855576145,28.955772795127
2023-12-03,0,14.4635111066637,47.8929226890349,0,8.67810666399824,28.7357536134209
2023-12-04,0,14.8619272102524,48.5702450188665,0,8.91715632615146,29.1421470113199
2023-12-05,0,14.9788468754287,50.4726165908242,0,8.98730812525725,30.2835699544945
